Top queries,Clicks,Impressions,CTR,Position
makerlab academy,230,828,27.78%,1.49
makerlab,90,9801,0.92%,8.03
robotique casablanca,26,313,8.31%,2.79
maker lab,18,546,3.3%,9.26
école robotique casablanca,4,56,7.14%,2.38
drone sky explorer,4,21,19.05%,6.05
coding casablanca,3,93,3.23%,8.95
stage vacances casablanca,3,75,4%,6.27
atelier robotique enfant,3,29,10.34%,16.24
drone workshop,2,128,1.56%,9.31
robotique pour enfant,2,52,3.85%,4.38
drone building workshop,2,52,3.85%,14.71
club robotique,2,28,7.14%,6.25
drone making workshop,2,22,9.09%,16.5
atelier robotique,2,17,11.76%,5
robotique,1,801,0.12%,8.25
formation robotique,1,30,3.33%,5.6
cours de robotique,1,25,4%,11.92
mekerlab,1,21,4.76%,7.86
centre robotique casablanca,1,19,5.26%,10.47
makerlab logo,1,18,5.56%,4.67
camp de vacances casablanca,1,18,5.56%,38.28
formation en robotique,1,16,6.25%,6.56
cours de robotique pour enfant,1,16,6.25%,7.69
makerlav,1,13,7.69%,7.38
formation 3d casablanca,1,5,20%,6.4
makerlab.,1,4,25%,4.5
robotique enfant,1,4,25%,6.25
ecole montessori casablanca,1,2,50%,7
atelier de dessin et peinture,1,1,100%,1
atelier vacances,1,1,100%,1
combien coute la formation,1,1,100%,1
oui tarifs,1,1,100%,1
stem clubs for kids near me,1,1,100%,1
club programmation informatique,1,1,100%,2
camp robotique,0,1852,0%,15.51
maker academy,0,306,0%,69.92
camp d'été robotique et codage,0,215,0%,56.15
cours programmation enfants casablanca,0,196,0%,24.52
camp d'été codage et robotique,0,168,0%,54.18
camp d'été robotique,0,160,0%,64.11
camp robotique été,0,108,0%,72.52
camps d'été robotique,0,105,0%,54.37
seo services casablanca,0,86,0%,71.26
maker,0,72,0%,3.04
école d'été robotique,0,65,0%,17.92
kits d'ingénierie lego,0,64,0%,42.06
camps d'été robotique pour lycéens,0,56,0%,16.02
makers academy,0,54,0%,73.81
robotique maroc,0,51,0%,15.63
summer camp casablanca,0,50,0%,21.98
makerlabs,0,45,0%,10.2
ecole de robotique,0,39,0%,3.62
écoles d'été en robotique,0,39,0%,15.49
sky explorer,0,36,0%,19.58
ecole robotique,0,33,0%,2.94
makers lab,0,33,0%,25.24
makerlab ai,0,29,0%,7
creators lab maroc,0,26,0%,4.69
maker school,0,26,0%,19.46
robotique simple,0,25,0%,87.48
fablab,0,24,0%,4.58
robotics for kids,0,23,0%,7
cours robotique enfant,0,21,0%,8.14
lab academy,0,20,0%,4.65
robotics,0,19,0%,5.84
malerlab,0,19,0%,8.58
summer camp,0,19,0%,9.68
club robotique enfant,0,18,0%,6.67
mackerlab,0,17,0%,6.59
droneworkshop,0,16,0%,14.06
robot maroc,0,15,0%,6.73
coding pour tous,0,15,0%,6.87
projet robotique hiver,0,15,0%,69.93
local guide program,0,14,0%,1
makersboard,0,13,0%,3.08
makers,0,13,0%,5.15
majerlab,0,12,0%,7.58
ecole de programmation casablanca,0,12,0%,8
summer school,0,12,0%,9.92
workshop casablanca,0,12,0%,11.25
makerspace,0,12,0%,29.33
lego ingenieur,0,12,0%,66.42
academia casablanca,0,12,0%,75.17
summer camp seo,0,11,0%,51
cours de robotique pour enfants,0,11,0%,81.82
maker camp,0,11,0%,85.73
the makers,0,10,0%,1.8
club de robotique,0,10,0%,2.2
atelier de robotique,0,10,0%,7.1
مدارس البرمجة في الدار البيضاء,0,10,0%,7.4
cours sur le développement robotique,0,10,0%,92
ecole robotique enfant,0,9,0%,2.44
stem school,0,9,0%,5.11
robotics classes for kids,0,9,0%,5.22
macker lab,0,9,0%,7.78
cours de dessin enfant casablanca,0,9,0%,8.67
maketlab,0,9,0%,15.44
drones workshop,0,9,0%,47.67
the maker academy,0,9,0%,62.78
centre robotique,0,8,0%,1.12
workshop,0,8,0%,5.75
makerlap,0,8,0%,7.38
formation robotique maroc,0,8,0%,7.5
makrlab,0,8,0%,7.75
skyexplorer,0,8,0%,28.12
make academy,0,8,0%,55.12
robotique ecole,0,7,0%,1.57
la robotique,0,7,0%,6.86
stem,0,7,0%,6.86
makerlabn,0,7,0%,9.57
centre de loisirs casablanca,0,7,0%,42
école de robotique,0,6,0%,2.33
makerlad,0,6,0%,3.83
cours informatique pour enfant,0,6,0%,4
machine learning for kids,0,6,0%,4
build lab academy,0,6,0%,4.83
formation 3d,0,6,0%,6.33
mkerlab,0,6,0%,7.33
workshop drone,0,6,0%,7.67
cours de dessin,0,6,0%,8.67
program academy,0,6,0%,8.67
cours de programmation pour enfant,0,6,0%,9.67
training lab,0,6,0%,10.33
summer camp casablanca 2025,0,6,0%,26.33
centre de robotique,0,5,0%,2.2
lab maker,0,5,0%,2.4
robot,0,5,0%,4.8
rebotique,0,5,0%,5
robotic,0,5,0%,5
maerlab,0,5,0%,6
stem ecole,0,5,0%,6.2
makerlba,0,5,0%,7.2
coding school maroc,0,5,0%,8
ecole de dessin pour enfant,0,5,0%,8.8
cours robotique pour enfants,0,5,0%,10
drone flying workshop,0,5,0%,10.6
business maker academy,0,5,0%,29
activités enfants casablanca,0,5,0%,75.4
future skills academy,0,4,0%,4.25
école robotique,0,4,0%,6.75
meker lab,0,4,0%,7
robotics lab,0,4,0%,7.5
robotique au maroc,0,4,0%,7.5
robotics manufacturers,0,4,0%,7.75
markerslab,0,4,0%,8.5
math academy,0,4,0%,8.5
stem classes for kids,0,4,0%,8.5
stem academy,0,4,0%,8.75
makerlab ai apps,0,4,0%,9.25
sky explorer drone,0,4,0%,9.75
cours de couture casablanca,0,4,0%,13.5
cours de dessin casablanca,0,4,0%,18.5
cours robotique,0,4,0%,30
coding lab,0,4,0%,36.75
maker kids,0,4,0%,42
robot academy,0,4,0%,55
tech make,0,4,0%,60.75
activités enfant casablanca,0,4,0%,65.25
robomaker robotique éducative,0,4,0%,74.25
dominez,0,4,0%,75
robotics near me,0,3,0%,1
tutoring near me for kids,0,3,0%,1
robotic school,0,3,0%,2
science lab,0,3,0%,3
robotics academy,0,3,0%,4.33
robotik,0,3,0%,4.33
maket lab,0,3,0%,4.67
robotique industrielle,0,3,0%,4.67
atelier codage enfant,0,3,0%,5
makerlab location,0,3,0%,5.33
makerkab,0,3,0%,5.67
creator lab academy,0,3,0%,6.33
makerlb,0,3,0%,6.33
mkaerlab,0,3,0%,6.33
cours de robotique enfant,0,3,0%,7
maker kab,0,3,0%,7.67
makerlabe,0,3,0%,7.67
cours informatique,0,3,0%,8
robot education,0,3,0%,8
robotic academy,0,3,0%,8
workshops,0,3,0%,8
bmakerlab,0,3,0%,8.67
areonotique,0,3,0%,9
stem maroc,0,3,0%,9.33
robotics summer camps,0,3,0%,12
robotique et coding settat,0,3,0%,15
academy maker,0,3,0%,33.33
makeracademy,0,3,0%,44.33
cours de soutien casablanca,0,3,0%,45.67
mega maker lab,0,3,0%,54.33
ecole casablanca,0,3,0%,64
robot makers,0,3,0%,64
activités casablanca enfant,0,3,0%,75.33
coachinglab academy,0,2,0%,1
kids lab,0,2,0%,1
robot school,0,2,0%,1
stages de vacances,0,2,0%,1.5
club informatique enfant,0,2,0%,2
ecole des loisirs,0,2,0%,2
robotics academy for kids,0,2,0%,2
robotics camp near me,0,2,0%,2
ecole robot,0,2,0%,3
machine academy,0,2,0%,3
makerab,0,2,0%,3
robots academy,0,2,0%,3
technology academy,0,2,0%,3
entreprise robotique,0,2,0%,3.5
formation informatique enfant,0,2,0%,3.5
robot camp,0,2,0%,3.5
robotic near me,0,2,0%,3.5
shop makers,0,2,0%,4
stage de vacances,0,2,0%,4
vocational school,0,2,0%,4.5
makeelab,0,2,0%,5
école d'été,0,2,0%,5
cours de codage enfant,0,2,0%,5.5
maker la,0,2,0%,5.5
robotica,0,2,0%,5.5
école robotique enfant,0,2,0%,5.5
arrabet academy,0,2,0%,6
kidlabs,0,2,0%,6
stem in school,0,2,0%,6
academy lab,0,2,0%,6.5
maker lan,0,2,0%,7
makerlqb,0,2,0%,7
robotics morocco,0,2,0%,7
ingénierie robotique,0,2,0%,7.5
computer science maroc,0,2,0%,8
le robotique,0,2,0%,8
makerlabv,0,2,0%,8
kindergarten near me,0,2,0%,8.5
makerlab ia,0,2,0%,8.5
robitique,0,2,0%,8.5
makerlab.com,0,2,0%,9
skyexplorer.de,0,2,0%,9
www.makerlab,0,2,0%,9
learn python,0,2,0%,10
programme maker,0,2,0%,10
stem summer camps,0,2,0%,11
workshop academy,0,2,0%,11
cours de dessin pour enfants,0,2,0%,11.5
robotics engineering for kids,0,2,0%,12
skool maker school,0,2,0%,12
stem summer school,0,2,0%,12
robotiques,0,2,0%,12.5
makerspace rabat,0,2,0%,13
robotics companies,0,2,0%,13.5
ecole de dessin casablanca,0,2,0%,15
progma academy,0,2,0%,19
cours de chant casablanca,0,2,0%,22
activité casablanca adulte,0,2,0%,40
the makers academy,0,2,0%,40
ecole,0,2,0%,43.5
robotique éducative maroc,0,2,0%,44
robomaker pro robotique éducative,0,2,0%,46.5
fablab casablanca,0,2,0%,50
ingenieur lego,0,2,0%,61
ferme casablanca,0,2,0%,70.5
casablanca academy,0,2,0%,83.5
3d art school,0,1,0%,1
activités autour de moi,0,1,0%,1
association robotique,0,1,0%,1
caca,0,1,0%,1
camp informatique,0,1,0%,1
camps de vacances casablanca,0,1,0%,1
coding for kids near me,0,1,0%,1
cours de peinture adulte casablanca,0,1,0%,1
drone flying courses,0,1,0%,1
espace jeux enfant casablanca,0,1,0%,1
fab academy,0,1,0%,1
future academy,0,1,0%,1
kids robotics academy,0,1,0%,1
kindergarten work,0,1,0%,1
lab for kids,0,1,0%,1
lab kids,0,1,0%,1
lab school,0,1,0%,1
make lab,0,1,0%,1
maker space,0,1,0%,1
mmakerlab,0,1,0%,1
orclab,0,1,0%,1
oui,0,1,0%,1
programming center,0,1,0%,1
robot classes for kids,0,1,0%,1
robotics class,0,1,0%,1
robotics club kids,0,1,0%,1
robotics clubs,0,1,0%,1
robotics workshop,0,1,0%,1
science and technology schools,0,1,0%,1
smartcommunitylab.com,0,1,0%,1
stage dessin,0,1,0%,1
stage robotique,0,1,0%,1
stage robotique enfant,0,1,0%,1
tech lab academy,0,1,0%,1
academie dessin,0,1,0%,2
activité robotique enfant,0,1,0%,2
coding kids,0,1,0%,2
coding robotics for kids,0,1,0%,2
conception robotique,0,1,0%,2
corner academy,0,1,0%,2
cours art enfant,0,1,0%,2
cours de codage pour enfant,0,1,0%,2
ecole recreation,0,1,0%,2
engineering for kids,0,1,0%,2
future kids school,0,1,0%,2
kidlab,0,1,0%,2
lego academy,0,1,0%,2
machine learning academy,0,1,0%,2
maker camps,0,1,0%,2
maker labe,0,1,0%,2
maker shop 3d,0,1,0%,2
makerboard,0,1,0%,2
makerlab studio,0,1,0%,2
markersboard,0,1,0%,2
math camp,0,1,0%,2
matrix robotics,0,1,0%,2
programmation pour enfant,0,1,0%,2
qui l'a créé,0,1,0%,2
robomakers,0,1,0%,2
robotics program near me,0,1,0%,2
robotics school,0,1,0%,2
robotike,0,1,0%,2
ronotica,0,1,0%,2
school lab,0,1,0%,2
science labs,0,1,0%,2
stages vacances,0,1,0%,2
stem clubs,0,1,0%,2
stem clubs near me,0,1,0%,2
workshop training,0,1,0%,2
اجل,0,1,0%,2
apprendre robotique enfant,0,1,0%,3
calcul salaire,0,1,0%,3
cours de programmation pour enfants,0,1,0%,3
future makers,0,1,0%,3
labacademy,0,1,0%,3
pour les enfants,0,1,0%,3
robot lab,0,1,0%,3
robotics center,0,1,0%,3
robotics school near me,0,1,0%,3
robotique formation,0,1,0%,3
science camp,0,1,0%,3
summer class,0,1,0%,3
ai workshop for kids,0,1,0%,4
atelier pour adulte,0,1,0%,4
cours de math,0,1,0%,4
drone technology workshop,0,1,0%,4
ecole 3d,0,1,0%,4
ecole de karting,0,1,0%,4
education lab,0,1,0%,4
engineer school near me,0,1,0%,4
informatique robotique,0,1,0%,4
karting academy near me,0,1,0%,4
kindergarten,0,1,0%,4
lessons,0,1,0%,4
makerslab,0,1,0%,4
makerspaces,0,1,0%,4
makkerlab,0,1,0%,4
markelab,0,1,0%,4
marker lab,0,1,0%,4
robot prof,0,1,0%,4
robotics club for kids,0,1,0%,4
robotique pédagogique,0,1,0%,4
"""relevanceai""",0,1,0%,5
academy.make,0,1,0%,5
apprendre la robotique enfant,0,1,0%,5
cours d informatique pour enfants,0,1,0%,5
cours informatique pour enfants,0,1,0%,5
ecole et loisir,0,1,0%,5
kids lessons,0,1,0%,5
maker club,0,1,0%,5
robitics,0,1,0%,5
robotique cours,0,1,0%,5
scince lab,0,1,0%,5
skills up academy,0,1,0%,5
software engineering school,0,1,0%,5
stage de vacance,0,1,0%,5
stem classes,0,1,0%,5
academy kids,0,1,0%,6
code lab academy,0,1,0%,6
cours art plastique enfant,0,1,0%,6
cours coding enfant,0,1,0%,6
cours de programmation,0,1,0%,6
ecole de codage pour enfant,0,1,0%,6
garderie a proximite,0,1,0%,6
meilleur centre de langue casablanca,0,1,0%,6
montessori academy,0,1,0%,6
printu makerlab,0,1,0%,6
rcmakerlab,0,1,0%,6
robotic workshop,0,1,0%,6
robotiqe,0,1,0%,6
startup academy,0,1,0%,6
the best school in morocco,0,1,0%,6
camp school,0,1,0%,7
educational workshops,0,1,0%,7
future lab,0,1,0%,7
informatique et robotique,0,1,0%,7
maker place,0,1,0%,7
nakerlab,0,1,0%,7
robotique club,0,1,0%,7
summer schiol,0,1,0%,7
cours de programmation enfant,0,1,0%,8
les robots,0,1,0%,8
majer lab,0,1,0%,8
makerlsb,0,1,0%,8
markerlabs,0,1,0%,8
math training,0,1,0%,8
robotics for children,0,1,0%,8
robotique college,0,1,0%,8
where to learn python,0,1,0%,8
école pour handicapés mentaux,0,1,0%,8
amkerlab,0,1,0%,9
coding camps for adults,0,1,0%,9
cours de robotique pour débutant gratuit,0,1,0%,9
fablav,0,1,0%,9
future engineer,0,1,0%,9
lab club,0,1,0%,9
makertlab,0,1,0%,9
polaris academy casablanca,0,1,0%,9
stage lab,0,1,0%,9
stage vacance,0,1,0%,9
academy,0,1,0%,10
activite enfant casablanca,0,1,0%,10
art school for kids,0,1,0%,10
bac en.plastique,0,1,0%,10
creation academy,0,1,0%,10
drone workshops,0,1,0%,10
explorers drone sky,0,1,0%,10
learn academy,0,1,0%,10
maker studio,0,1,0%,10
makr lab,0,1,0%,10
robotics camp,0,1,0%,10
robotics club near me,0,1,0%,10
skyexplorer de,0,1,0%,10
stem robotics,0,1,0%,10
"trade school,",0,1,0%,10
école de codage,0,1,0%,10
art maker,0,1,0%,11
"can you suggest top schools that offer mornings of essential subjects and 
afternoons dedicated to hands-on activities like robotics, debate, and 
community service? i’m looking for names and performance insights.",0,1,0%,11
coaching electronics,0,1,0%,11
construction robotique,0,1,0%,11
cours d'été pour enfants,0,1,0%,11
fablabb,0,1,0%,11
formation montessori,0,1,0%,11
formation robot,0,1,0%,11
formation robotique enfant,0,1,0%,11
maker lad,0,1,0%,11
makerlab store,0,1,0%,11
manufacturing robotics,0,1,0%,11
math maroc summer camp,0,1,0%,11
math trainer,0,1,0%,11
roboschool,0,1,0%,11
robot design course,0,1,0%,11
robotics course,0,1,0%,11
robotics courses,0,1,0%,11
stem summer camp,0,1,0%,11
treining lab,0,1,0%,11
workshop for kids,0,1,0%,11
activity kindergarten,0,1,0%,12
atelier informatique enfant,0,1,0%,12
atelier montessori,0,1,0%,12
cours informatique enfant,0,1,0%,12
ecole stage,0,1,0%,12
formation workshop,0,1,0%,12
le robot,0,1,0%,12
meilleur ecole a casablanca,0,1,0%,12
robot fabrication,0,1,0%,12
robotique kids,0,1,0%,12
robotique programmation,0,1,0%,12
science summer camps,0,1,0%,12
stem labs,0,1,0%,12
workshop near me,0,1,0%,12
artificial intelligence course,0,1,0%,13
chatbots & assistants,0,1,0%,13
coding camp for kids near me,0,1,0%,13
ecole programmation informatique enfant,0,1,0%,13
engineering summer camps,0,1,0%,13
recreation school,0,1,0%,13
riibotics company,0,1,0%,13
robotics company,0,1,0%,13
stem education,0,1,0%,13
summer program,0,1,0%,13
ecole autour de moi,0,1,0%,14
interactive workshops,0,1,0%,14
maker studios,0,1,0%,14
mechatronics and robotics courses,0,1,0%,14
robotics engineering,0,1,0%,14
stem camps near me,0,1,0%,14
stem lab,0,1,0%,14
stem programs near me,0,1,0%,14
activite peinture enfant,0,1,0%,15
stage vacances enfants,0,1,0%,15
stem lab for kids,0,1,0%,15
atelier peinture enfant,0,1,0%,16
école informatique,0,1,0%,18
atelier de dessin,0,1,0%,19
incubateur casablanca,0,1,0%,19
ateliers enfants,0,1,0%,20
cours de peinture,0,1,0%,20
incubateurs maroc,0,1,0%,20
robotique et coding rabat,0,1,0%,20
cours théâtre,0,1,0%,21
formation artistique,0,1,0%,21
rolab academy,0,1,0%,23
drone masters academy,0,1,0%,24
centre dessin,0,1,0%,27
cours peinture,0,1,0%,29
meilleur ecole d'informatique au maroc,0,1,0%,29
summer camp maroc,0,1,0%,30
explorer drone,0,1,0%,31
stage d'observation casablanca,0,1,0%,32
ecole informatique casablanca,0,1,0%,34
drone explorer,0,1,0%,35
ferme pedagogique casa,0,1,0%,37
makerdemy,0,1,0%,39
centre de loisirs,0,1,0%,40
happy coders academy,0,1,0%,40
play and code academy,0,1,0%,40
makerlab paris,0,1,0%,45
ecole de langue casablanca,0,1,0%,47
loisirs near me,0,1,0%,48
atelier de peinture casablanca,0,1,0%,49
ateliers de dessin,0,1,0%,49
ecole art,0,1,0%,51
ecole montessori maroc,0,1,0%,52
schools near me,0,1,0%,52
kids club,0,1,0%,54
loisir enfants,0,1,0%,54
pour moi casablanca,0,1,0%,54
makerlab au,0,1,0%,56
vacances noel,0,1,0%,56
lego ingénieur,0,1,0%,59
coding maroc,0,1,0%,60
jeux robotique,0,1,0%,61
loisirs casablanca,0,1,0%,62
maker camp 2025,0,1,0%,62
jeux de programmation de robot,0,1,0%,64
casablanca atelier,0,1,0%,66
codage pour enfant,0,1,0%,67
activités pour enfants casablanca,0,1,0%,76
centre de cours de soutien casablanca,0,1,0%,76
comment construire un robot,0,1,0%,79
atelier de la robotique,0,1,0%,80
ecole d'informatique casablanca,0,1,0%,80
centre de formation casablanca,0,1,0%,81
coding summer camp near me,0,1,0%,85
technologie robotique,0,1,0%,92
formation informatique casablanca,0,1,0%,97
espace jeux casablanca,0,1,0%,112
centre de langue casablanca,0,1,0%,150